Constant K_i,Prime p_i,Cube Root,Fractional Part,Calculated Hex,NIST FIPS 180-4,Status
K_00,2,1.259921,0.259921,428a2f98,428a2f98,MATCH
K_01,3,1.44225,0.44225,71374491,71374491,MATCH
K_02,5,1.709976,0.709976,b5c0fbcf,b5c0fbcf,MATCH
K_03,7,1.912931,0.912931,e9b5dba5,e9b5dba5,MATCH
K_04,11,2.22398,0.22398,3956c25b,3956c25b,MATCH
K_05,13,2.351335,0.351335,59f111f1,59f111f1,MATCH
K_06,17,2.571282,0.571282,923f82a4,923f82a4,MATCH
K_07,19,2.668402,0.668402,ab1c5ed5,ab1c5ed5,MATCH
K_08,23,2.843867,0.843867,d807aa98,d807aa98,MATCH
K_09,29,3.072317,0.072317,12835b01,12835b01,MATCH
K_10,31,3.141381,0.141381,243185be,243185be,MATCH
K_11,37,3.332222,0.332222,550c7dc3,550c7dc3,MATCH
K_12,41,3.448217,0.448217,72be5d74,72be5d74,MATCH
K_13,43,3.503398,0.503398,80deb1fe,80deb1fe,MATCH
K_14,47,3.608826,0.608826,9bdc06a7,9bdc06a7,MATCH
K_15,53,3.756286,0.756286,c19bf174,c19bf174,MATCH
K_16,59,3.892996,0.892996,e49b69c1,e49b69c1,MATCH
K_17,61,3.936497,0.936497,efbe4786,efbe4786,MATCH
K_18,67,4.061548,0.061548,0fc19dc6,0fc19dc6,MATCH
K_19,71,4.140818,0.140818,240ca1cc,240ca1cc,MATCH
K_20,73,4.179339,0.179339,2de92c6f,2de92c6f,MATCH
K_21,79,4.29084,0.29084,4a7484aa,4a7484aa,MATCH
K_22,83,4.362071,0.362071,5cb0a9dc,5cb0a9dc,MATCH
K_23,89,4.464745,0.464745,76f988da,76f988da,MATCH
K_24,97,4.594701,0.594701,983e5152,983e5152,MATCH
K_25,101,4.65701,0.65701,a831c66d,a831c66d,MATCH
K_26,103,4.687548,0.687548,b00327c8,b00327c8,MATCH
K_27,107,4.747459,0.747459,bf597fc7,bf597fc7,MATCH
K_28,109,4.776856,0.776856,c6e00bf3,c6e00bf3,MATCH
K_29,113,4.834588,0.834588,d5a79147,d5a79147,MATCH
K_30,127,5.026526,0.026526,06ca6351,06ca6351,MATCH
K_31,131,5.078753,0.078753,14292967,14292967,MATCH
K_32,137,5.155137,0.155137,27b70a85,27b70a85,MATCH
K_33,139,5.180101,0.180101,2e1b2138,2e1b2138,MATCH
K_34,149,5.301459,0.301459,4d2c6dfc,4d2c6dfc,MATCH
K_35,151,5.325074,0.325074,53380d13,53380d13,MATCH
K_36,157,5.394691,0.394691,650a7354,650a7354,MATCH
K_37,163,5.462556,0.462556,766a0abb,766a0abb,MATCH
K_38,167,5.506878,0.506878,81c2c92e,81c2c92e,MATCH
K_39,173,5.572055,0.572055,92722c85,92722c85,MATCH
K_40,179,5.635741,0.635741,a2bfe8a1,a2bfe8a1,MATCH
K_41,181,5.656653,0.656653,a81a664b,a81a664b,MATCH
K_42,191,5.758965,0.758965,c24b8b70,c24b8b70,MATCH
K_43,193,5.778997,0.778997,c76c51a3,c76c51a3,MATCH
K_44,197,5.818648,0.818648,d192e819,d192e819,MATCH
K_45,199,5.838272,0.838272,d6990624,d6990624,MATCH
K_46,211,5.953342,0.953342,f40e3585,f40e3585,MATCH
K_47,223,6.064127,0.064127,106aa070,106aa070,MATCH
K_48,227,6.10017,0.10017,19a4c116,19a4c116,MATCH
K_49,229,6.118033,0.118033,1e376c08,1e376c08,MATCH
K_50,233,6.153449,0.153449,2748774c,2748774c,MATCH
K_51,239,6.205822,0.205822,34b0bcb5,34b0bcb5,MATCH
K_52,241,6.223084,0.223084,391c0cb3,391c0cb3,MATCH
K_53,251,6.307994,0.307994,4ed8aa4a,4ed8aa4a,MATCH
K_54,257,6.357861,0.357861,5b9cca4f,5b9cca4f,MATCH
K_55,263,6.406959,0.406959,682e6ff3,682e6ff3,MATCH
K_56,269,6.455315,0.455315,748f82ee,748f82ee,MATCH
K_57,271,6.471274,0.471274,78a5636f,78a5636f,MATCH
K_58,277,6.518684,0.518684,84c87814,84c87814,MATCH
K_59,281,6.549912,0.549912,8cc70208,8cc70208,MATCH
K_60,283,6.565414,0.565414,90befffa,90befffa,MATCH
K_61,293,6.641852,0.641852,a4506ceb,a4506ceb,MATCH
K_62,307,6.745997,0.745997,bef9a3f7,bef9a3f7,MATCH
K_63,311,6.775169,0.775169,c67178f2,c67178f2,MATCH
