CP,Mile,Freq_Hz,Raw_Gate,Final_Gate,Gate_Status,Node_Type,x_scaled,x_hex,is_valid_curve_point,y_even_hex,y_odd_hex,rhs_mod_7,euler_criterion_residue,euler_chi,structural_zone,functional_status
1,0.0,7.0,7,7,PASSED,PHYSICAL_RESTING_POINT,4,0x4,True,0xa6713bac8d71f001f51d0a1e8bdbc30a70d5c0d37c2dba84bcfc9249974eeb9c,0x598ec453728e0ffe0ae2f5e174243cf58f2a3f2c83d2457b43036db568b11093,1,True,1,INJECTION_COMPENSATION_ZONE,RIGHT_IN_ACTION_PHYSICAL_RESTING_POINT
2,0.85,7.93,3,3,PASSED,PHYSICAL_RESTING_POINT,8,0x8,True,0xcad0d0112833c87bdb1ff9472f0f1eb5aed3118e35bacaa6465e79761176f3de,0x352f2feed7cc378424e006b8d0f0e14a512cee71ca453559b9a18688ee890851,1,True,1,INJECTION_COMPENSATION_ZONE,RIGHT_IN_ACTION_PHYSICAL_RESTING_POINT
3,1.7,8.87,10,0,MITIGATED (Zero-Gate Shift),PHYSICAL_RESTING_POINT,12,0xc,True,0x44b05ab13c36fe7915d3c977fffde51e59c7a2ce8b85efb1b84aaf9f89cf80a4,0xbb4fa54ec3c90186ea2c368800021ae1a6385d31747a104e47b5505f76307b8b,6,True,1,INJECTION_COMPENSATION_ZONE,RIGHT_IN_ACTION_PHYSICAL_RESTING_POINT
4,2.55,9.8,6,0,MITIGATED (Zero-Gate Shift),PHYSICAL_RESTING_POINT,16,0x10,True,0xf28b138f00bc88888f6d01c189dd02f4ed361dc30607d978cd7dd36288a808d8,0xd74ec70ff4377777092fe3e7622fd0b12c9e23cf9f8268732822c9c7757f357,1,True,1,INJECTION_COMPENSATION_ZONE,RIGHT_IN_ACTION_PHYSICAL_RESTING_POINT
5,3.4,10.73,2,2,PASSED,PHYSICAL_RESTING_POINT,20,0x14,True,0x2db6481698e3d3e02ace019a34257b97d3ad647b6609a7531ecf40680403f1a2,0xd249b7e9671c2c1fd531fe65cbda84682c529b8499f658ace130bf96fbfc0a8d,6,True,1,INJECTION_COMPENSATION_ZONE,RIGHT_IN_ACTION_PHYSICAL_RESTING_POINT
6,4.25,11.67,9,9,PASSED,NON_RESIDUE_BOUNDARY,24,0x18,False,,,6,False,-1,INJECTION_COMPENSATION_ZONE,PROGRAMMATIC_VIRTUAL_SHIELD
7,5.1,12.6,5,5,PASSED,NON_RESIDUE_BOUNDARY,28,0x1c,False,,,0,False,-1,INJECTION_COMPENSATION_ZONE,PROGRAMMATIC_VIRTUAL_SHIELD
8,5.95,13.53,1,1,PASSED,PHYSICAL_RESTING_POINT,32,0x20,True,0x38375c2b8764ebab2cc8c3d86737d81ea7d15c0f682a0d5391bca3dc36b606dc,0xc7c8a3d4789b1454d3373c2798c827e1582ea3f097d5f2ac6e435c22c949f553,1,True,1,INJECTION_COMPENSATION_ZONE,RIGHT_IN_ACTION_PHYSICAL_RESTING_POINT
9,6.8,14.47,8,8,PASSED,NON_RESIDUE_BOUNDARY,36,0x24,False,,,1,False,-1,INJECTION_COMPENSATION_ZONE,PROGRAMMATIC_VIRTUAL_SHIELD
10,7.65,15.4,4,4,PASSED,NON_RESIDUE_BOUNDARY,40,0x28,False,,,6,False,-1,INJECTION_COMPENSATION_ZONE,PROGRAMMATIC_VIRTUAL_SHIELD
11,8.5,16.33,0,0,PASSED,PHYSICAL_RESTING_POINT,44,0x2c,True,0x420e7a99bba18a9d3952597510fd2b6728cfeafc21a4e73951091d4d8ddbe94e,0xbdf18566445e7562c6ada68aef02d498d7301503de5b18c6aef6e2b1722412e1,1,True,1,INJECTION_COMPENSATION_ZONE,RIGHT_IN_ACTION_PHYSICAL_RESTING_POINT
12,9.35,17.27,7,7,PASSED,PHYSICAL_RESTING_POINT,48,0x30,True,0x30fd096690d9d745353dcc89d1d186001a3c80524d2bedafba73c974db613daa,0xcf02f6996f2628bacac233762e2e79ffe5c37fadb2d41250458c368a249ebe85,6,True,1,INJECTION_COMPENSATION_ZONE,RIGHT_IN_ACTION_PHYSICAL_RESTING_POINT
13,10.2,18.2,3,3,PASSED,PHYSICAL_RESTING_POINT,52,0x34,True,0xaea73884bd5b8f89da0983d95f3a6b047f51893bd23e76d26b5002d64f416258,0x5158c77b42a4707625f67c26a0c594fb80ae76c42dc1892d94affd28b0be99d7,6,True,1,INJECTION_COMPENSATION_ZONE,RIGHT_IN_ACTION_PHYSICAL_RESTING_POINT
14,11.05,19.13,10,0,MITIGATED (Zero-Gate Shift),PHYSICAL_RESTING_POINT,56,0x38,True,0xd33a79b739137252000e80438a70ce70550db8b8e430ddf3a9850c1bb9ace0f4,0x2cc58648c6ec8dadfff17fbc758f318faaf247471bcf220c567af3e346531b3b,0,True,1,INJECTION_COMPENSATION_ZONE,RIGHT_IN_ACTION_PHYSICAL_RESTING_POINT
15,11.9,20.07,6,6,PASSED,NON_RESIDUE_BOUNDARY,60,0x3c,False,,,1,False,-1,INJECTION_COMPENSATION_ZONE,PROGRAMMATIC_VIRTUAL_SHIELD
16,12.75,21.0,2,0,MITIGATED (Zero-Gate Shift),PHYSICAL_RESTING_POINT,64,0x40,True,0x5b39d31b9541a06c73c0f68bb4f042b9c0cf0579bee89ba345bfaa1f98e1db5e,0xa4c62ce46abe5f938c3f09744b0fbd463f30fa864117645cba4055df671e20d1,1,True,1,INJECTION_COMPENSATION_ZONE,GATE_10_MITIGATED_PHYSICAL_RESTING_POINT_21HZ
17,13.6,21.93,9,9,PASSED,NON_RESIDUE_BOUNDARY,68,0x44,False,,,6,False,-1,INJECTION_COMPENSATION_ZONE,PROGRAMMATIC_VIRTUAL_SHIELD
18,14.45,22.87,5,5,PASSED,NON_RESIDUE_BOUNDARY,72,0x48,False,,,1,False,-1,INJECTION_COMPENSATION_ZONE,PROGRAMMATIC_VIRTUAL_SHIELD
19,15.3,23.8,1,1,PASSED,PHYSICAL_RESTING_POINT,76,0x4c,True,0x85c95caa722a5ae3d23b41d472733b2967ee40a813688f1852a42c326efcad46,0x7a36a3558dd5a51c2dc4be2b8d8cc4d69811bf57ec9770e7ad5bd3cc91034ee9,6,True,1,INJECTION_COMPENSATION_ZONE,RIGHT_IN_ACTION_PHYSICAL_RESTING_POINT
20,16.15,24.73,8,8,PASSED,NON_RESIDUE_BOUNDARY,80,0x50,False,,,6,False,-1,INJECTION_COMPENSATION_ZONE,PROGRAMMATIC_VIRTUAL_SHIELD
21,17.0,25.67,4,4,PASSED,NON_RESIDUE_BOUNDARY,84,0x54,False,,,0,False,-1,INJECTION_COMPENSATION_ZONE,PROGRAMMATIC_VIRTUAL_SHIELD
22,17.85,26.6,0,0,PASSED,PHYSICAL_RESTING_POINT,88,0x58,True,0x8ab04929699e0e87a94d5443f59a0fcbb026ca850d3fc2361dddff457b31abd0,0x754fb6d69661f17856b2abbc0a65f0344fd9357af2c03dc9e22200b984ce505f,1,True,1,INJECTION_COMPENSATION_ZONE,RIGHT_IN_ACTION_PHYSICAL_RESTING_POINT
23,18.7,27.53,7,7,PASSED,NON_RESIDUE_BOUNDARY,92,0x5c,False,,,1,False,-1,INJECTION_COMPENSATION_ZONE,PROGRAMMATIC_VIRTUAL_SHIELD
24,19.55,28.47,3,3,PASSED,NON_RESIDUE_BOUNDARY,96,0x60,False,,,6,False,-1,INJECTION_COMPENSATION_ZONE,PROGRAMMATIC_VIRTUAL_SHIELD
25,20.4,29.4,10,0,MITIGATED (Zero-Gate Shift),NON_RESIDUE_BOUNDARY,100,0x64,False,,,1,False,-1,INJECTION_COMPENSATION_ZONE,PROGRAMMATIC_VIRTUAL_SHIELD
26,21.25,30.33,6,6,PASSED,PHYSICAL_RESTING_POINT,104,0x68,True,0xcb192978c6253a7f86b190ee23a206ac8ee07ce86123f428fbd8d3fefa36bc08,0x34e6d68739dac580794e6f11dc5df953711f83179edc0bd704272c0005c94027,6,True,1,INJECTION_COMPENSATION_ZONE,RIGHT_IN_ACTION_PHYSICAL_RESTING_POINT
27,22.1,31.27,2,2,PASSED,NON_RESIDUE_BOUNDARY,108,0x6c,False,,,6,False,-1,INJECTION_COMPENSATION_ZONE,PROGRAMMATIC_VIRTUAL_SHIELD
28,22.95,32.2,9,0,MITIGATED (Zero-Gate Shift),PHYSICAL_RESTING_POINT,112,0x70,True,0x28fffd29367d074a3227c3c8153d92027051ea96b03f7be927d46b1045b6cc76,0xd70002d6c982f8b5cdd83c37eac26dfd8fae15694fc08416d82b94eeba492fb9,0,True,1,INJECTION_COMPENSATION_ZONE,RIGHT_IN_ACTION_PHYSICAL_RESTING_POINT
29,23.8,33.13,5,5,PASSED,NON_RESIDUE_BOUNDARY,116,0x74,False,,,1,False,-1,INJECTION_COMPENSATION_ZONE,PROGRAMMATIC_VIRTUAL_SHIELD
30,24.65,34.07,1,1,PASSED,NON_RESIDUE_BOUNDARY,120,0x78,False,,,1,False,-1,INJECTION_COMPENSATION_ZONE,PROGRAMMATIC_VIRTUAL_SHIELD
31,25.5,35.0,8,8,PASSED,NON_RESIDUE_BOUNDARY,124,0x7c,False,,,6,False,-1,INJECTION_COMPENSATION_ZONE,PROGRAMMATIC_VIRTUAL_SHIELD
32,26.35,35.93,4,4,PASSED,NON_RESIDUE_BOUNDARY,128,0x80,False,,,1,False,-1,INJECTION_COMPENSATION_ZONE,PROGRAMMATIC_VIRTUAL_SHIELD
33,27.2,36.87,0,0,PASSED,PHYSICAL_RESTING_POINT,132,0x84,True,0xc25d418f52fe69b2fb66dea9c6912b20740e3cb88f076b1e624719b15eaebf04,0x3da2be70ad01964d04992156396ed4df8bf1c34770f894e19db8e64da1513d2b,6,True,1,INJECTION_COMPENSATION_ZONE,RIGHT_IN_ACTION_PHYSICAL_RESTING_POINT
34,28.05,37.8,7,7,PASSED,PHYSICAL_RESTING_POINT,136,0x88,True,0x2b58d507d1ac43f51642b0cc9a298b913347c668aa26cc9fce45c287b7440426,0xd4a72af82e53bc0ae9bd4f3365d6746eccb8399755d9336031ba3d7748bbf809,6,True,1,INJECTION_COMPENSATION_ZONE,RIGHT_IN_ACTION_PHYSICAL_RESTING_POINT
35,28.9,38.73,3,3,PASSED,PHYSICAL_RESTING_POINT,140,0x8c,True,0xba88dd9fa15704a49547baf2ef4df07da2356eef385a9980272f4d9ff992aa66,0x457722605ea8fb5b6ab8450d10b20f825dca9110c7a5667fd8d0b25f066d51c9,0,True,1,INJECTION_COMPENSATION_ZONE,RIGHT_IN_ACTION_PHYSICAL_RESTING_POINT
36,29.75,39.67,10,0,MITIGATED (Zero-Gate Shift),PHYSICAL_RESTING_POINT,144,0x90,True,0x38fcba62425b4424b9da634badc0f73dd967091230f4d6c086a0f641d348d4b0,0xc703459dbda4bbdb46259cb4523f08c22698f6edcf0b293f795f09bd2cb7277f,1,True,1,INJECTION_COMPENSATION_ZONE,RIGHT_IN_ACTION_PHYSICAL_RESTING_POINT
37,30.6,40.6,6,6,PASSED,PHYSICAL_RESTING_POINT,148,0x94,True,0x97350e713e22118401d19524fb00a63ae243c1704c271428632544f7e339f87e,0x68caf18ec1ddee7bfe2e6adb04ff59c51dbc3e8fb3d8ebd79cdabb071cc603b1,1,True,1,INJECTION_COMPENSATION_ZONE,RIGHT_IN_ACTION_PHYSICAL_RESTING_POINT
38,31.45,41.53,2,2,PASSED,PHYSICAL_RESTING_POINT,152,0x98,True,0xb742644035a7b2489bc2b35beb87afdf37c9f20ced113f58a670e4c2a79bfe2c,0x48bd9bbfca584db7643d4ca414785020c8360df312eec0a7598f1b3c5863fe03,6,True,1,INJECTION_COMPENSATION_ZONE,RIGHT_IN_ACTION_PHYSICAL_RESTING_POINT
39,32.3,42.47,9,9,PASSED,NON_RESIDUE_BOUNDARY,156,0x9c,False,,,1,False,-1,INJECTION_COMPENSATION_ZONE,PROGRAMMATIC_VIRTUAL_SHIELD
40,33.15,43.4,5,0,MITIGATED (Zero-Gate Shift),PHYSICAL_RESTING_POINT,160,0xa0,True,0x227f54ce9fdcd5907bf6f12e1e6c31649acf1151b40d92553b51a3ff8aee9680,0xdd80ab3160232a6f84090ed1e193ce9b6530eeae4bf26daac4ae5bff751165af,6,True,1,INJECTION_COMPENSATION_ZONE,GATE_10_MITIGATED_PHYSICAL_RESTING_POINT_43HZ
41,34.0,44.33,1,1,PASSED,NON_RESIDUE_BOUNDARY,164,0xa4,False,,,6,False,-1,INJECTION_COMPENSATION_ZONE,PROGRAMMATIC_VIRTUAL_SHIELD
42,34.85,45.27,8,8,PASSED,NON_RESIDUE_BOUNDARY,168,0xa8,False,,,0,False,-1,INJECTION_COMPENSATION_ZONE,PROGRAMMATIC_VIRTUAL_SHIELD
43,35.7,46.2,4,4,PASSED,PHYSICAL_RESTING_POINT,172,0xac,True,0x24548d61f99b7bb25a3789ba71611f32db2e390f37428e2d05e65dd8ce3fc0f2,0xdbab729e0664844da5c876458e9ee0cd24d1c6f0c8bd71d2fa19a22631c03b3d,1,True,1,INJECTION_COMPENSATION_ZONE,RIGHT_IN_ACTION_PHYSICAL_RESTING_POINT
44,36.55,47.13,0,0,PASSED,PHYSICAL_RESTING_POINT,176,0xb0,True,0xb810ade26fed053fa1959d7d4b9f3bda88f090e828fabaa15a73f939dfc5e43c,0x47ef521d9012fac05e6a6282b460c425770f6f17d705455ea58c06c5203a17f3,1,True,1,INJECTION_COMPENSATION_ZONE,RIGHT_IN_ACTION_PHYSICAL_RESTING_POINT
45,37.4,48.07,7,7,PASSED,PHYSICAL_RESTING_POINT,180,0xb4,True,0xddc976b401ed21da29159ccfc5513c51c9bd2d9094ecd49e6268b4e76e6022ba,0x2236894bfe12de25d6ea63303aaec3ae3642d26f6b132b619d974b17919fd975,6,True,1,INJECTION_COMPENSATION_ZONE,RIGHT_IN_ACTION_PHYSICAL_RESTING_POINT
46,38.25,49.0,3,3,PASSED,PHYSICAL_RESTING_POINT,184,0xb8,True,0xa9aedf2e375e0fd0f753b914fd19af69ee28d4e3d80569f82fd3ac518611dce,0xf565120d1c8a1f02f08ac46eb02e6509611d72b1c27fa9607d02c539e79ede61,1,True,1,INJECTION_COMPENSATION_ZONE,RIGHT_IN_ACTION_PHYSICAL_RESTING_POINT
47,39.1,49.93,10,0,MITIGATED (Zero-Gate Shift),PHYSICAL_RESTING_POINT,188,0xbc,True,0x26c645f451f11362ced1a859fddda073efd8f2e98f55bd2f719dc5f33fdfa2c2,0xd939ba0bae0eec9d312e57a602225f8c10270d1670aa42d08e623a0bc020596d,6,True,1,INJECTION_COMPENSATION_ZONE,RIGHT_IN_ACTION_PHYSICAL_RESTING_POINT
48,39.95,50.87,6,6,PASSED,PHYSICAL_RESTING_POINT,192,0xc0,True,0x9259e491885c10bb6119623269938cc4440a941e85840e4a4d2a9741a845058c,0x6da61b6e77a3ef449ee69dcd966c733bbbf56be17a7bf1b5b2d568bd57baf6a3,6,True,1,INJECTION_COMPENSATION_ZONE,RIGHT_IN_ACTION_PHYSICAL_RESTING_POINT
49,40.8,51.8,2,2,PASSED,PHYSICAL_RESTING_POINT,196,0xc4,True,0x755e7cc37d41ad1b2325f94aa78925c7f37b36fe002a699f83d7d581385e534c,0x8aa1833c82be52e4dcda06b55876da380c84c901ffd596607c282a7dc7a1a8e3,0,True,1,INJECTION_COMPENSATION_ZONE,RIGHT_IN_ACTION_PHYSICAL_RESTING_POINT
50,41.65,52.73,9,9,PASSED,PHYSICAL_RESTING_POINT,200,0xc8,True,0x3df1aecc375f40abc7cc8d35367094569a8fb224d2f3b0122ad8bab3f0466b08,0xc20e5133c8a0bf54383372cac98f6ba965704ddb2d0c4fedd527454b0fb99127,1,True,1,INJECTION_COMPENSATION_ZONE,RIGHT_IN_ACTION_PHYSICAL_RESTING_POINT
51,42.5,53.67,5,0,MITIGATED (Zero-Gate Shift),NON_RESIDUE_BOUNDARY,204,0xcc,False,,,1,False,-1,HERMETIC_VIRTUAL_SHIELD_CORRIDOR,PROGRAMMATIC_VIRTUAL_SHIELD
52,43.35,54.6,1,1,PASSED,PHYSICAL_RESTING_POINT,208,0xd0,True,0xf5395da8275a6dbb84d74ad3b28e117b7a78f03bc80567107eb23222979ab6c8,0xac6a257d8a592447b28b52c4d71ee8485870fc437fa98ef814dcddc68654567,6,True,1,HERMETIC_VIRTUAL_SHIELD_CORRIDOR,RIGHT_IN_ACTION_PHYSICAL_RESTING_POINT
53,44.2,55.53,8,8,PASSED,PHYSICAL_RESTING_POINT,212,0xd4,True,0x9e3ea6976d30c0501d0dd57b49b95f1667c5c20979d60a288f2442ff18e050e6,0x61c1596892cf3fafe2f22a84b646a0e9983a3df68629f5d770dbbcffe71fab49,1,True,1,HERMETIC_VIRTUAL_SHIELD_CORRIDOR,RIGHT_IN_ACTION_PHYSICAL_RESTING_POINT
54,45.05,56.47,4,4,PASSED,NON_RESIDUE_BOUNDARY,216,0xd8,False,,,6,False,-1,HERMETIC_VIRTUAL_SHIELD_CORRIDOR,PROGRAMMATIC_VIRTUAL_SHIELD
55,45.9,57.4,0,0,PASSED,NON_RESIDUE_BOUNDARY,220,0xdc,False,,,6,False,-1,HERMETIC_VIRTUAL_SHIELD_CORRIDOR,PROGRAMMATIC_VIRTUAL_SHIELD
56,46.75,58.33,7,7,PASSED,PHYSICAL_RESTING_POINT,224,0xe0,True,0xa5b543e141450822b88c84ead903c74d7022508a5ba8fdbce05759a4327f3f5e,0x5a4abc1ebebaf7dd47737b1526fc38b28fddaf75a45702431fa8a65acd80bcd1,0,True,1,HERMETIC_VIRTUAL_SHIELD_CORRIDOR,RIGHT_IN_ACTION_PHYSICAL_RESTING_POINT
57,47.6,59.27,3,3,PASSED,NON_RESIDUE_BOUNDARY,228,0xe4,False,,,1,False,-1,HERMETIC_VIRTUAL_SHIELD_CORRIDOR,PROGRAMMATIC_VIRTUAL_SHIELD
58,48.45,60.2,10,0,MITIGATED (Zero-Gate Shift),NON_RESIDUE_BOUNDARY,232,0xe8,False,,,1,False,-1,HERMETIC_VIRTUAL_SHIELD_CORRIDOR,PROGRAMMATIC_VIRTUAL_SHIELD
59,49.3,61.13,6,6,PASSED,NON_RESIDUE_BOUNDARY,236,0xec,False,,,6,False,-1,HERMETIC_VIRTUAL_SHIELD_CORRIDOR,PROGRAMMATIC_VIRTUAL_SHIELD
60,50.15,62.07,2,2,PASSED,NON_RESIDUE_BOUNDARY,240,0xf0,False,,,1,False,-1,HERMETIC_VIRTUAL_SHIELD_CORRIDOR,PROGRAMMATIC_VIRTUAL_SHIELD
61,51.0,63.0,9,9,PASSED,VIRTUAL_MIDPOINT_MIRROR,244,0xf4,False,,,6,False,-1,HERMETIC_VIRTUAL_SHIELD_CORRIDOR,VIRTUAL_MIDPOINT_PHASE_REFLECTION_MIRROR
62,51.85,63.93,5,5,PASSED,PHYSICAL_RESTING_POINT,248,0xf8,True,0xc04e7f57cf286cd6b6b2345d16bbfbab81b24e5ca66539c0ce4554ae347733d8,0x3fb180a830d79329494dcba2e94404547e4db1a3599ac63f31baab50cb88c857,6,True,1,HERMETIC_VIRTUAL_SHIELD_CORRIDOR,RIGHT_IN_ACTION_PHYSICAL_RESTING_POINT
63,52.7,64.87,1,0,MITIGATED (Zero-Gate Shift),NON_RESIDUE_BOUNDARY,252,0xfc,False,,,0,False,-1,HERMETIC_VIRTUAL_SHIELD_CORRIDOR,PROGRAMMATIC_VIRTUAL_SHIELD
64,53.55,65.8,8,8,PASSED,NON_RESIDUE_BOUNDARY,256,0x100,False,,,1,False,-1,HERMETIC_VIRTUAL_SHIELD_CORRIDOR,PROGRAMMATIC_VIRTUAL_SHIELD
65,54.4,66.73,4,4,PASSED,PHYSICAL_RESTING_POINT,260,0x104,True,0xec90d604e014a6abf37a4d8f4e02d17e4a7912791105ce7ba3c8a4144b9006,0xff136f29fb1feb59540c85b270b1fd2e81b586ed86eefa31845c375aebb46c29,1,True,1,HERMETIC_VIRTUAL_SHIELD_CORRIDOR,RIGHT_IN_ACTION_PHYSICAL_RESTING_POINT
66,55.25,67.67,0,0,PASSED,PHYSICAL_RESTING_POINT,264,0x108,True,0xcd06e0b8b9f44870192088e679dea36090e9427dedb820fc866d4e9c4f6ba43e,0x32f91f47460bb78fe6df771986215c9f6f16bd821247df037992b162b09457f1,6,True,1,HERMETIC_VIRTUAL_SHIELD_CORRIDOR,RIGHT_IN_ACTION_PHYSICAL_RESTING_POINT
67,56.1,68.6,7,7,PASSED,NON_RESIDUE_BOUNDARY,268,0x10c,False,,,1,False,-1,HERMETIC_VIRTUAL_SHIELD_CORRIDOR,PROGRAMMATIC_VIRTUAL_SHIELD
68,56.95,69.53,3,3,PASSED,PHYSICAL_RESTING_POINT,272,0x110,True,0xd11f1c7b809c4239767a369460b836ed63a1ce1860b260f01e307554878442bc,0x2ee0e3847f63bdc68985c96b9f47c9129c5e31e79f4d9f0fe1cf8aaa787bb973,6,True,1,HERMETIC_VIRTUAL_SHIELD_CORRIDOR,RIGHT_IN_ACTION_PHYSICAL_RESTING_POINT
69,57.8,70.47,10,0,MITIGATED (Zero-Gate Shift),PHYSICAL_RESTING_POINT,276,0x114,True,0x19113aed6d07ad51530407fbd9fd1d6f0a8ad4bb366ad2f3c003d3a184dbbcf2,0xe6eec51292f852aeacfbf8042602e290f5752b44c9952d0c3ffc2c5d7b243f3d,6,True,1,HERMETIC_VIRTUAL_SHIELD_CORRIDOR,RIGHT_IN_ACTION_PHYSICAL_RESTING_POINT
70,58.65,71.4,6,6,PASSED,PHYSICAL_RESTING_POINT,280,0x118,True,0xd3365305cd6a4f5263da1541fcac97d726cffba35e9b159fa77be48213168f0e,0x2cc9acfa3295b0ad9c25eabe03536828d930045ca164ea6058841b7cece96d21,0,True,1,HERMETIC_VIRTUAL_SHIELD_CORRIDOR,RIGHT_IN_ACTION_PHYSICAL_RESTING_POINT
71,59.5,72.33,2,2,PASSED,PHYSICAL_RESTING_POINT,284,0x11c,True,0x4fdb4185ba05af9675a1eda6ec66d73d115c107ee21af5cb9373c22a20be87fc,0xb024be7a45fa50698a5e1259139928c2eea3ef811de50a346c8c3dd4df417433,1,True,1,HERMETIC_VIRTUAL_SHIELD_CORRIDOR,RIGHT_IN_ACTION_PHYSICAL_RESTING_POINT
72,60.35,73.27,9,9,PASSED,PHYSICAL_RESTING_POINT,288,0x120,True,0xd85175cb85dbb0e32776a08d534ed79a52b9a3d48136274cfa3d0ca127b46ffa,0x27ae8a347a244f1cd8895f72acb12865ad465c2b7ec9d8b305c2f35dd84b8c35,1,True,1,HERMETIC_VIRTUAL_SHIELD_CORRIDOR,RIGHT_IN_ACTION_PHYSICAL_RESTING_POINT
73,61.2,74.2,5,5,PASSED,NON_RESIDUE_BOUNDARY,292,0x124,False,,,6,False,-1,HERMETIC_VIRTUAL_SHIELD_CORRIDOR,PROGRAMMATIC_VIRTUAL_SHIELD
74,62.05,75.13,1,1,PASSED,PHYSICAL_RESTING_POINT,296,0x128,True,0x720aa0af89ff42f4a940bd358afead5b76b95ab9cb9ad0e6ba40287fa63f869e,0x8df55f507600bd0b56bf42ca750152a48946a54634652f1945bfd77f59c07591,1,True,1,HERMETIC_VIRTUAL_SHIELD_CORRIDOR,RIGHT_IN_ACTION_PHYSICAL_RESTING_POINT
75,62.9,76.07,8,0,MITIGATED (Zero-Gate Shift),NON_RESIDUE_BOUNDARY,300,0x12c,False,,,6,False,-1,HERMETIC_VIRTUAL_SHIELD_CORRIDOR,PROGRAMMATIC_VIRTUAL_SHIELD
76,63.75,77.0,4,4,PASSED,NON_RESIDUE_BOUNDARY,304,0x130,False,,,6,False,-1,HERMETIC_VIRTUAL_SHIELD_CORRIDOR,PROGRAMMATIC_VIRTUAL_SHIELD
77,64.6,77.93,0,0,PASSED,PHYSICAL_RESTING_POINT,308,0x134,True,0x2748e321c42aca68cbf8bec4b81bd6023aa0337f0caeb355cdd48d0234250e04,0xd8b71cde3bd535973407413b47e429fdc55fcc80f3514caa322b72fccbdaee2b,0,True,1,HERMETIC_VIRTUAL_SHIELD_CORRIDOR,RIGHT_IN_ACTION_PHYSICAL_RESTING_POINT
78,65.45,78.87,7,7,PASSED,NON_RESIDUE_BOUNDARY,312,0x138,False,,,1,False,-1,HERMETIC_VIRTUAL_SHIELD_CORRIDOR,PROGRAMMATIC_VIRTUAL_SHIELD
79,66.3,79.8,3,3,PASSED,NON_RESIDUE_BOUNDARY,316,0x13c,False,,,1,False,-1,HERMETIC_VIRTUAL_SHIELD_CORRIDOR,PROGRAMMATIC_VIRTUAL_SHIELD
80,67.15,80.73,10,0,MITIGATED (Zero-Gate Shift),PHYSICAL_RESTING_POINT,320,0x140,True,0xbbc1c2d868a8b1aa6f2ff136d2ae7c5e333267a28bed224570732763079b7a6c,0x443e3d2797574e5590d00ec92d5183a1cccd985d7412ddba8f8cd89bf86481c3,6,True,1,HERMETIC_VIRTUAL_SHIELD_CORRIDOR,RIGHT_IN_ACTION_PHYSICAL_RESTING_POINT
81,68.0,81.67,6,6,PASSED,NON_RESIDUE_BOUNDARY,324,0x144,False,,,1,False,-1,HERMETIC_VIRTUAL_SHIELD_CORRIDOR,PROGRAMMATIC_VIRTUAL_SHIELD
82,68.85,82.6,2,2,PASSED,NON_RESIDUE_BOUNDARY,328,0x148,False,,,6,False,-1,HERMETIC_VIRTUAL_SHIELD_CORRIDOR,PROGRAMMATIC_VIRTUAL_SHIELD
83,69.7,83.53,9,9,PASSED,NON_RESIDUE_BOUNDARY,332,0x14c,False,,,6,False,-1,HERMETIC_VIRTUAL_SHIELD_CORRIDOR,PROGRAMMATIC_VIRTUAL_SHIELD
84,70.55,84.47,5,5,PASSED,NON_RESIDUE_BOUNDARY,336,0x150,False,,,0,False,-1,HERMETIC_VIRTUAL_SHIELD_CORRIDOR,PROGRAMMATIC_VIRTUAL_SHIELD
85,71.4,85.4,1,1,PASSED,PHYSICAL_RESTING_POINT,340,0x154,True,0xf17e9decdcd0cd7e1d858f9322f312ad933f5b2cda40afdcbd1fd641978ef02e,0xe816213232f3281e27a706cdd0ced526cc0a4d325bf502342e029bd68710c01,1,True,1,HERMETIC_VIRTUAL_SHIELD_CORRIDOR,RIGHT_IN_ACTION_PHYSICAL_RESTING_POINT
86,72.25,86.33,8,8,PASSED,NON_RESIDUE_BOUNDARY,344,0x158,False,,,1,False,-1,HERMETIC_VIRTUAL_SHIELD_CORRIDOR,PROGRAMMATIC_VIRTUAL_SHIELD
87,73.1,87.27,4,0,MITIGATED (Zero-Gate Shift),NON_RESIDUE_BOUNDARY,348,0x15c,False,,,6,False,-1,HERMETIC_VIRTUAL_SHIELD_CORRIDOR,PROGRAMMATIC_VIRTUAL_SHIELD
88,73.95,88.2,0,0,PASSED,PHYSICAL_RESTING_POINT,352,0x160,True,0x30a8e518392e7a0773e872047f740cf8659512db6ee6f8206f9756ce66f0d090,0xcf571ae7c6d185f88c178dfb808bf3079a6aed24911907df9068a930990f2b9f,1,True,1,HERMETIC_VIRTUAL_SHIELD_CORRIDOR,RIGHT_IN_ACTION_PHYSICAL_RESTING_POINT
89,74.8,89.13,7,7,PASSED,NON_RESIDUE_BOUNDARY,356,0x164,False,,,6,False,-1,HERMETIC_VIRTUAL_SHIELD_CORRIDOR,PROGRAMMATIC_VIRTUAL_SHIELD
90,75.65,90.07,3,3,PASSED,PHYSICAL_RESTING_POINT,360,0x168,True,0x14ae20efdd13cbbea2ac2e9c1feee25a6c69564a949125e78d491c1e06312ad0,0xeb51df1022ec34415d53d163e0111da59396a9b56b6eda1872b6e3e0f9ced15f,6,True,1,HERMETIC_VIRTUAL_SHIELD_CORRIDOR,RIGHT_IN_ACTION_PHYSICAL_RESTING_POINT
91,76.5,91.0,10,0,MITIGATED (Zero-Gate Shift),PHYSICAL_RESTING_POINT,364,0x16c,True,0xbe0248378ce837ec3f65457810060c0bdf3388de1caebbd0172eb745610c9fee,0x41fdb7c87317c813c09aba87eff9f3f420cc7721e351442fe8d148b99ef35c41,0,True,1,HERMETIC_VIRTUAL_SHIELD_CORRIDOR,RIGHT_IN_ACTION_PHYSICAL_RESTING_POINT
92,77.35,91.93,6,6,PASSED,NON_RESIDUE_BOUNDARY,368,0x170,False,,,1,False,-1,HERMETIC_VIRTUAL_SHIELD_CORRIDOR,PROGRAMMATIC_VIRTUAL_SHIELD
93,78.2,92.87,2,2,PASSED,PHYSICAL_RESTING_POINT,372,0x174,True,0x5519ab92d05118a3fed718fcbcde4170fb021b57f22ac98fbb6f248a8b51eb96,0xaae6546d2faee75c0128e7034321be8f04fde4a80dd536704490db7474ae1099,1,True,1,HERMETIC_VIRTUAL_SHIELD_CORRIDOR,RIGHT_IN_ACTION_PHYSICAL_RESTING_POINT
94,79.05,93.8,9,9,PASSED,NON_RESIDUE_BOUNDARY,376,0x178,False,,,6,False,-1,HERMETIC_VIRTUAL_SHIELD_CORRIDOR,PROGRAMMATIC_VIRTUAL_SHIELD
95,79.9,94.73,5,5,PASSED,PHYSICAL_RESTING_POINT,380,0x17c,True,0xd72ed99f547c99057622a072d2f1caf41d0d750b70546a5d6961147ff4c3ad24,0x28d12660ab8366fa89dd5f8d2d0e350be2f28af48fab95a2969eeb7f0b3c4f0b,1,True,1,HERMETIC_VIRTUAL_SHIELD_CORRIDOR,RIGHT_IN_ACTION_PHYSICAL_RESTING_POINT
96,80.75,95.67,1,1,PASSED,PHYSICAL_RESTING_POINT,384,0x180,True,0x2fa0c74326ecde83f2de111c5f0b8e2605c9c3f63172b4ed4e724b5081421646,0xd05f38bcd913217c0d21eee3a0f471d9fa363c09ce8d4b12b18db4ae7ebde5e9,6,True,1,HERMETIC_VIRTUAL_SHIELD_CORRIDOR,RIGHT_IN_ACTION_PHYSICAL_RESTING_POINT
97,81.6,96.6,8,8,PASSED,PHYSICAL_RESTING_POINT,388,0x184,True,0xe92ee6fd90dbd40e3fadb4a44034167bbb27c4f35fe5fb6f7d04e9b89b94c0d0,0x16d119026f242bf1c0524b5bbfcbe98444d83b0ca01a049082fb1646646b3b5f,6,True,1,HERMETIC_VIRTUAL_SHIELD_CORRIDOR,RIGHT_IN_ACTION_PHYSICAL_RESTING_POINT
98,82.45,97.53,4,0,MITIGATED (Zero-Gate Shift),NON_RESIDUE_BOUNDARY,392,0x188,False,,,0,False,-1,HERMETIC_VIRTUAL_SHIELD_CORRIDOR,HERMETIC_SHIELD_TERMINAL_MOD7_LOCK
99,83.3,98.47,0,0,MITIGATED (Zero-Gate Shift),PHYSICAL_RESTING_POINT,396,0x18c,True,0x83c0c3a9a24cfcba33e270d85c3d0017b15ba3ddee92115eeef8b0a6535a954,0xf7c3f3c565db30345cc1d8f27a3c2ffe84ea45c22116deea111074f49aca52db,1,True,1,CHIRAL_GATEWAY_APERTURE,CHIRAL_APERTURE_ZERO_GATE_UNLOCKED
100,84.15,99.4,7,7,PASSED,PHYSICAL_RESTING_POINT,400,0x190,True,0x73584b9e119bdbb667aae6e1287fc754a285600c29eb4f399bfc85b503c6dbd0,0x8ca7b461ee6424499855191ed78038ab5d7a9ff3d614b0c664037a49fc39205f,1,True,1,LAMINAR_TRANSMISSION_CHANNEL,RIGHT_IN_ACTION_PHYSICAL_RESTING_POINT
101,85.0,100.33,3,3,PASSED,PHYSICAL_RESTING_POINT,404,0x194,True,0x9ce9745201a47e91ebf998237de0708b49fd2fc65660ad939af4c115095f6ac4,0x63168badfe5b816e140667dc821f8f74b602d039a99f526c650b3ee9f6a0916b,6,True,1,LAMINAR_TRANSMISSION_CHANNEL,RIGHT_IN_ACTION_PHYSICAL_RESTING_POINT
102,85.85,101.27,10,0,MITIGATED (Zero-Gate Shift),NON_RESIDUE_BOUNDARY,408,0x198,False,,,1,False,-1,LAMINAR_TRANSMISSION_CHANNEL,PROGRAMMATIC_VIRTUAL_SHIELD
103,86.7,102.2,6,6,PASSED,NON_RESIDUE_BOUNDARY,412,0x19c,False,,,6,False,-1,LAMINAR_TRANSMISSION_CHANNEL,PROGRAMMATIC_VIRTUAL_SHIELD
104,87.55,103.13,2,2,PASSED,NON_RESIDUE_BOUNDARY,416,0x1a0,False,,,6,False,-1,LAMINAR_TRANSMISSION_CHANNEL,PROGRAMMATIC_VIRTUAL_SHIELD
105,88.4,104.07,9,9,PASSED,NON_RESIDUE_BOUNDARY,420,0x1a4,False,,,0,False,-1,LAMINAR_TRANSMISSION_CHANNEL,PROGRAMMATIC_VIRTUAL_SHIELD
106,89.25,105.0,5,5,PASSED,NON_RESIDUE_BOUNDARY,424,0x1a8,False,,,1,False,-1,LAMINAR_TRANSMISSION_CHANNEL,PROGRAMMATIC_VIRTUAL_SHIELD
107,90.1,105.93,1,1,PASSED,NON_RESIDUE_BOUNDARY,428,0x1ac,False,,,1,False,-1,LAMINAR_TRANSMISSION_CHANNEL,PROGRAMMATIC_VIRTUAL_SHIELD
108,90.95,106.87,8,8,PASSED,PHYSICAL_RESTING_POINT,432,0x1b0,True,0x53893492c37d407d3a2ddfc7e19216f19481083b47d33bc69b721dcdab12cb40,0xac76cb6d3c82bf82c5d220381e6de90e6b7ef7c4b82cc439648de23154ed30ef,6,True,1,LAMINAR_TRANSMISSION_CHANNEL,RIGHT_IN_ACTION_PHYSICAL_RESTING_POINT
109,91.8,107.8,4,4,PASSED,NON_RESIDUE_BOUNDARY,436,0x1b4,False,,,1,False,-1,LAMINAR_TRANSMISSION_CHANNEL,PROGRAMMATIC_VIRTUAL_SHIELD
110,92.65,108.73,0,0,MITIGATED (Zero-Gate Shift),PHYSICAL_RESTING_POINT,440,0x1b8,True,0x83130cec5f09ec9df75484c080f692a19241c84d202e481abebb517ca3a872c4,0x7cecf313a0f6136208ab7b3f7f096d5e6dbe37b2dfd1b7e54144ae825c57896b,6,True,1,LAMINAR_TRANSMISSION_CHANNEL,RIGHT_IN_ACTION_PHYSICAL_RESTING_POINT
111,93.5,109.67,7,7,PASSED,NON_RESIDUE_BOUNDARY,444,0x1bc,False,,,6,False,-1,LAMINAR_TRANSMISSION_CHANNEL,PROGRAMMATIC_VIRTUAL_SHIELD
112,94.35,110.6,3,3,PASSED,NON_RESIDUE_BOUNDARY,448,0x1c0,False,,,0,False,-1,LAMINAR_TRANSMISSION_CHANNEL,PROGRAMMATIC_VIRTUAL_SHIELD
113,95.2,111.53,10,0,MITIGATED (Zero-Gate Shift),PHYSICAL_RESTING_POINT,452,0x1c4,True,0x417f39cdb08205aa95b4627f7b629efcbc564445e792cd6000ecc4a7ea563d4c,0xbe80c6324f7dfa556a4b9d80849d610343a9bbba186d329fff133b5715a9bee3,1,True,1,LAMINAR_TRANSMISSION_CHANNEL,RIGHT_IN_ACTION_PHYSICAL_RESTING_POINT
114,96.05,112.47,6,6,PASSED,PHYSICAL_RESTING_POINT,456,0x1c8,True,0x83d6c85c1dedfaeffde3362da59317f1cc12419a822f5a7a8c3407d56fc672de,0x7c2937a3e2120510021cc9d25a6ce80e33edbe657dd0a58573cbf82990398951,1,True,1,LAMINAR_TRANSMISSION_CHANNEL,RIGHT_IN_ACTION_PHYSICAL_RESTING_POINT
115,96.9,113.4,2,2,PASSED,PHYSICAL_RESTING_POINT,460,0x1cc,True,0xf8d6d7bede2b6c53ccba5f20d73994d0c77ee546739b8ddaebc5b84dc193e714,0x729284121d493ac3345a0df28c66b2f38811ab98c647225143a47b13e6c151b,6,True,1,LAMINAR_TRANSMISSION_CHANNEL,RIGHT_IN_ACTION_PHYSICAL_RESTING_POINT
116,97.75,114.33,9,9,PASSED,NON_RESIDUE_BOUNDARY,464,0x1d0,False,,,1,False,-1,LAMINAR_TRANSMISSION_CHANNEL,PROGRAMMATIC_VIRTUAL_SHIELD
117,98.6,115.27,5,5,PASSED,PHYSICAL_RESTING_POINT,468,0x1d4,True,0xc366e41bf01be50e1a3fe533769e1772c473160a21882b968b2eaf4f00906db4,0x3c991be40fe41af1e5c01acc8961e88d3b8ce9f5de77d46974d150afff6f8e7b,6,True,1,LAMINAR_TRANSMISSION_CHANNEL,RIGHT_IN_ACTION_PHYSICAL_RESTING_POINT
118,99.45,116.2,1,1,PASSED,PHYSICAL_RESTING_POINT,472,0x1d8,True,0xbffefe01ac5a85a7001634405c55d7d0fa632f1a98446a9f951678cc64305028,0x400101fe53a57a58ffe9cbbfa3aa282f059cd0e567bb95606ae987329bcfac07,6,True,1,LAMINAR_TRANSMISSION_CHANNEL,RIGHT_IN_ACTION_PHYSICAL_RESTING_POINT
119,100.3,117.13,8,8,PASSED,NON_RESIDUE_BOUNDARY,476,0x1dc,False,,,0,False,-1,LAMINAR_TRANSMISSION_CHANNEL,PROGRAMMATIC_VIRTUAL_SHIELD
120,101.15,118.07,4,4,PASSED,NON_RESIDUE_BOUNDARY,480,0x1e0,False,,,1,False,-1,LAMINAR_TRANSMISSION_CHANNEL,PROGRAMMATIC_VIRTUAL_SHIELD
121,102.0,119.0,0,0,PASSED,PHYSICAL_RESTING_POINT,484,0x1e4,True,0x136d33a93842cf124d6166a75177228da5ffbb49c7dddf7ba3c9c28cc9f28f46,0xec92cc56c7bd30edb29e9958ae88dd725a0044b6382220845c363d72360d6ce9,1,True,1,DKIM_EXIT_DISCHARGE_GATE,DKIM_TARGET_PHYSICAL_EXIT_DISCHARGE_119HZ
